DVB,Surface area,Youngs Modulus
20,8.585,6481.418612
30,7.676,7676.167998
40,9.474,9167.5102
100,28.018,12586.6379
