DVB_T,Stress at peak average
10,3.4845
20,3.63175
30,1.31625
40,1.3065
100,0.477
