DVB,Youngs modulus average
10,5271
20,6481.418612
30,7676.167998
40,9167.5102
100,12586.6379
