DVB,Youngs modulus
10,8.054875
20,9.115888889
30,9.106
40,20.76366667
50,14.03277778
80,12.76785714
100,9.813666667
