DVB,Stress at peak
10,2.200125
20,2.549666667
30,1.849285714
40,1.667666667
50,1.240333333
80,0.798142857
100,0.705166667
