DVB_T,Youngs modulus
10,6.370444444
20,15.21844444
30,14.815875
40,15.09271429
50,17.01855556
80,15.05211111
100,11.29842857
