DVB,Pore size average
20,26.76415789
30,22.48963846
40,21.96403906
50,23.40228646
80,7.831073446
100,8.614572755
