DVB,Stress,Youngs Modulus
20,0.3467,6481.418612
30,0.5721,7676.167998
40,0.6074,9167.5102
100,0.5709,12586.6379
