DVB_T,Pore area average
20,35.77591
50,17.6306
80,24.71097415
100,21.7612049
