DVB,Pore area average
20,35.25409
30,31.10755915
40,35.84063477
80,23.2734126
100,17.46383342
